Z_PK,Z_ENT,Z_OPT,ZAUTOCOMPLETE,ZBONUS1,ZBONUS2,ZHOMEALT,ZHOMEFOULS,ZHOMESCORE,ZHOMETIMEOUTS,ZHOMETIMEOUTS30,ZOTLENGTH,ZPERLENGTH,ZPERIOD,ZPERIODS,ZPOSSESSIONHOME,ZPSGAMEID,ZRESETFOULS,ZRUNNINGCLOCK,ZSHOTLOCATION,ZSHOWALL,ZSHOWCLOCK,ZSHOWFOULS,ZSHOWNAMES,ZSHOWSCORE,ZSORTORDER,ZTECHNICALPTS,ZTHREEPT,ZTIMEOUTS,ZTIMEOUTS30,ZTIMEOUTS30PER,ZTIMEOUTSPER,ZTRACKTIME,ZTYPE,ZVISITORSALT,ZVISITORSFOULS,ZVISITORSSCORE,ZVISITORSTIMEOUTS,ZVISITORSTIMEOUTS30,ZHOME,ZSEASON,ZVISITORS,ZDATE,ZPAUSETIME,ZSTARTTIME,ZCUST1LABEL,ZCUST2LABEL,ZLOCATION
1,2,2,1,7,10,NA,9,65,2,1,4,8,9,4,NA,0,2,0,1,0,1,1,1,1,0,0,1,3,2,1,1,1,0,NA,7,46,2,0,51,7,16,412131689.647656,412135688.857632,412135207.994062,Custom 1,Custom 2,
2,2,2,1,7,10,0,20,64,0,0,4,8,9,4,1,0,2,0,1,0,1,1,1,1,0,0,1,3,2,1,1,1,0,0,14,72,2,0,71,5,50,442549844.473978,442556254.429662,442555774.7768353,Custom 1,Custom 2,
3,2,2,1,7,10,0,7,61,0,0,4,8,9,4,0,0,2,0,1,0,1,1,1,1,0,0,1,3,2,1,1,1,0,0,5,62,1,0,61,8,90,475029968.952779,475035369.823314,475034890.14767796,Custom 1,Custom 2,
4,2,2,1,7,10,NA,15,45,2,0,4,8,9,4,NA,0,2,0,1,0,1,1,1,1,0,0,1,3,2,1,1,1,0,NA,11,56,1,0,93,1,83,413000904.946128,413006294.299358,413005813.830008,Custom 1,Custom 2,
5,2,2,1,7,10,0,0,54,3,2,4,8,9,4,1,0,2,0,1,0,1,1,1,1,0,0,1,3,2,1,1,1,0,0,12,51,3,2,70,5,71,442469006.896699,442473609.599282,442473128.6105839,Custom 1,Custom 2,
6,2,2,1,7,10,NA,8,55,2,0,4,8,9,4,NA,0,2,0,1,0,1,1,1,1,0,0,1,3,2,1,1,1,2,NA,10,57,0,0,93,1,15,414468056,414473501.496445,414473021.46913105,Custom 1,Custom 2,
7,2,2,1,7,10,0,13,52,0,1,4,8,9,4,1,0,2,0,1,0,1,1,1,1,0,0,1,3,2,1,1,1,0,0,8,62,3,0,77,4,24,444358840,444364031.998655,444363552.0679988,Custom 1,Custom 2,
8,2,2,1,7,10,0,12,71,3,0,4,8,9,4,1,0,2,0,1,0,1,1,1,1,0,0,1,3,2,1,1,1,0,0,12,67,2,0,50,5,71,444364517.955879,444370392.896014,444369912.87716097,Custom 1,Custom 2,
9,2,2,1,7,10,0,10,55,3,0,4,8,9,4,1,0,2,0,1,0,1,1,1,1,0,0,1,3,2,1,1,1,0,0,12,41,1,1,24,4,8,439519663.260934,439525212.25721,439524732.321154,Custom 1,Custom 2,
10,2,2,1,7,10,0,7,52,3,0,4,8,9,4,0,0,2,0,1,0,1,1,1,1,0,0,1,3,2,1,1,1,0,0,6,65,3,2,82,4,90,477015096.162692,477022106.0788,477021626.51045597,Custom 1,Custom 2,
11,2,2,1,7,10,NA,8,36,3,0,4,8,9,4,NA,0,2,0,1,0,1,1,1,1,0,0,1,3,2,1,1,1,0,NA,10,51,2,2,60,7,51,412304357.645665,412308505.96376,412308025.948637,Custom 1,Custom 2,
12,2,2,1,7,10,0,7,39,2,0,4,8,9,4,0,0,2,0,1,0,1,1,1,1,0,0,1,3,2,1,1,1,0,0,5,58,2,0,65,6,35,503634609,503638041.138139,503637561.62333316,Custom 1,Custom 2,Highland High School
13,2,2,1,7,10,0,12,78,2,0,4,8,9,4,1,0,2,0,1,0,1,1,1,1,0,0,1,3,2,1,1,1,0,0,16,63,1,0,71,5,66,444795701.421656,444801777.959603,444801298.5108762,Custom 1,Custom 2,
14,2,2,1,7,10,0,11,76,3,0,4,8,9,4,1,0,2,0,1,0,1,1,1,1,0,0,1,3,2,1,1,1,2,0,14,74,1,0,28,5,71,446090157.002934,446095310.567597,446094830.3608852,Custom 1,Custom 2,
15,2,2,1,7,10,NA,6,58,2,0,4,8,9,4,NA,0,2,0,1,0,1,1,1,1,0,0,1,3,2,1,1,1,0,NA,9,45,1,0,79,1,93,413519459.747767,413524293.838519,413523813.69759303,Custom 1,Custom 2,
16,2,2,1,7,10,0,10,30,2,2,4,8,9,4,1,0,2,0,1,0,1,1,1,1,0,0,1,3,2,1,1,1,0,0,11,73,1,1,12,5,71,439870100.971466,440034099.854184,439875481.6898059,Custom 1,Custom 2,
17,2,2,1,7,10,0,11,68,3,2,4,8,9,4,1,0,2,0,1,0,1,1,1,1,0,0,1,3,2,1,1,1,0,0,12,30,1,1,81,3,63,502425015,502429900.50062,502429420.50062,Custom 1,Custom 2,Madison High School
18,2,2,1,7,10,0,13,72,3,1,4,8,9,4,1,0,2,0,1,0,1,1,1,1,0,0,1,3,2,1,1,1,0,0,5,41,2,0,24,4,77,442543998.825712,442549396.730293,442548917.1246163,Custom 1,Custom 2,
19,2,2,1,7,10,0,8,59,3,1,4,8,9,4,1,0,2,0,1,0,1,1,1,1,0,0,1,3,2,1,1,1,0,0,14,39,0,0,81,3,85,502770622,502775755.243118,502775275.959949,Custom 1,Custom 2,Madison High School
20,2,2,1,7,10,0,12,46,3,2,4,8,9,4,0,0,2,0,1,0,1,1,1,1,0,0,1,3,2,1,1,1,0,0,8,60,3,1,41,6,35,503024426,503027540.450071,503027060.43909514,Custom 1,Custom 2,
21,2,2,1,7,10,NA,10,64,2,2,4,8,9,4,NA,0,2,0,1,0,1,1,1,1,0,0,1,3,2,1,1,1,0,NA,11,52,2,0,93,1,10,412137006,412141765.922404,412141285.01061803,Custom 1,Custom 2,
22,2,2,1,7,10,0,11,67,0,0,4,8,9,4,1,0,2,0,1,0,1,1,1,1,0,0,1,3,2,1,1,1,0,0,12,72,2,1,45,5,71,444968761.249435,444974508.150246,444974028.3844373,Custom 1,Custom 2,
23,2,2,1,7,10,0,10,36,3,0,4,8,9,4,1,0,2,0,1,0,1,1,1,1,0,0,1,3,2,1,1,1,0,0,11,57,3,2,69,8,90,475202928.517788,475207981.33637,475207502.112036,Custom 1,Custom 2,
24,2,2,1,7,10,0,13,97,2,1,4,8,9,4,1,0,2,0,1,0,1,1,1,1,0,0,1,3,2,1,1,1,0,0,14,71,2,0,53,2,18,472185057.214964,472190505.574824,472190029.62432694,Custom 1,Custom 2,
25,2,2,1,7,10,NA,5,39,2,1,4,8,9,4,NA,0,2,0,1,0,1,1,1,1,0,0,1,3,2,1,1,1,0,NA,10,70,3,2,6,1,93,409113165.547806,409117403.557715,409116923.543122,Custom 1,Custom 2,
26,2,2,1,7,10,NA,9,63,2,0,4,8,9,4,NA,0,2,0,1,0,1,1,1,1,0,0,1,3,2,1,1,1,0,NA,15,54,1,0,15,1,93,412914615,412919424.665015,412918943.698651,Custom 1,Custom 2,
27,2,2,1,7,10,NA,0,0,3,2,4,8,1,4,NA,0,2,0,1,0,1,1,1,1,0,0,1,3,2,1,1,1,0,NA,0,0,3,2,51,7,87,412972958.523067,NA,NA,Custom 1,Custom 2,
28,2,2,1,7,10,NA,4,45,3,1,4,8,9,4,NA,0,2,0,1,0,1,1,1,1,0,0,1,3,2,1,1,1,0,NA,8,38,0,0,73,7,51,408589221,408593359.341829,408592878.60170305,Custom 1,Custom 2,
29,2,2,1,7,10,NA,4,49,2,0,4,8,9,4,NA,0,2,0,1,0,1,1,1,1,0,0,1,3,2,1,1,1,0,NA,8,36,3,0,51,7,87,412995547.778933,412999796.299419,412999315.8766031,Custom 1,Custom 2,
30,2,2,1,7,10,0,10,52,3,0,4,8,9,4,1,0,2,0,1,0,1,1,1,1,0,0,1,3,2,1,1,1,0,0,5,49,1,0,68,5,71,440189736.127242,440195312.258588,440194832.66975194,Custom 1,Custom 2,
31,2,2,1,7,10,0,10,41,2,1,4,8,9,4,1,0,2,0,1,0,1,1,1,1,0,0,1,3,2,1,1,1,0,0,8,58,2,1,44,4,24,443753103.308574,443758784.528976,443758305.3047262,Custom 1,Custom 2,
32,2,2,1,7,10,0,11,64,3,1,4,8,9,4,1,0,2,0,1,0,1,1,1,1,0,0,1,3,2,1,1,1,0,0,6,28,2,0,53,2,78,475813270.233634,475817875.706724,475817396.56937796,Custom 1,Custom 2,
33,2,4,1,7,10,0,12,53,0,1,4,8,9,4,1,0,2,0,1,0,1,1,1,1,0,0,1,3,2,1,1,1,0,0,11,54,0,0,26,2,53,478829859.902023,478838401.036582,478837921.18541795,Custom 1,Custom 2,
34,2,2,1,7,10,NA,8,52,1,0,4,8,9,4,NA,0,2,0,1,0,1,1,1,1,0,0,1,3,2,1,1,1,0,NA,13,49,2,0,93,1,79,411618733.586169,411623822.482529,411623342.0154621,Custom 1,Custom 2,
35,2,2,1,7,10,0,8,77,3,2,4,8,9,4,0,0,2,0,1,0,1,1,1,1,0,0,1,3,2,1,1,1,0,0,4,29,2,1,53,2,20,474344333.463817,474349421.933452,474348942.042791,Custom 1,Custom 2,
36,2,2,1,7,10,0,10,81,3,1,4,8,9,4,1,0,2,0,1,0,1,1,1,1,0,0,1,3,2,1,1,1,0,0,7,59,2,0,28,5,71,445401201.47103,445406097.4706,445405616.6266621,Custom 1,Custom 2,
37,2,2,1,7,10,NA,8,36,2,0,4,8,9,4,NA,0,2,0,1,0,1,1,1,1,0,0,1,3,2,1,1,1,0,NA,10,63,3,2,10,1,93,408421800,408426238.29323,408425758.2907819,Custom 1,Custom 2,
38,2,2,1,7,10,0,14,53,0,1,4,8,9,4,0,0,2,0,1,0,1,1,1,1,0,0,1,3,2,1,1,1,0,0,6,56,1,0,78,2,53,473999543.606777,474005450.269153,474004970.948263,Custom 1,Custom 2,
39,2,2,1,7,10,0,7,31,2,1,4,8,9,4,1,0,2,0,1,0,1,1,1,1,0,0,1,3,2,1,1,1,0,0,7,65,3,1,49,3,81,503639103,503643458.694215,503642979.589065,Custom 1,Custom 2,Hughland High School
40,2,2,1,7,10,0,6,65,3,2,4,8,9,4,1,0,2,0,1,0,1,1,1,1,0,0,1,3,2,1,1,1,0,0,7,28,2,2,90,8,39,476412238.728636,476417101.983272,476416622.2552439,Custom 1,Custom 2,
41,2,2,1,7,10,NA,9,50,2,0,4,8,9,4,NA,0,2,0,1,0,1,1,1,1,0,0,1,3,2,1,1,1,0,NA,11,47,0,0,51,7,89,413341134.460165,413346141.461434,413345660.4774171,Custom 1,Custom 2,
42,2,2,1,7,10,0,0,53,3,2,4,8,9,4,0,0,2,0,1,0,1,1,1,1,0,0,1,3,2,1,1,1,0,1,7,72,3,2,54,4,24,442446870.137362,442468537.3224,442468056.570809,Custom 1,Custom 2,
43,2,2,1,7,10,0,10,72,3,1,4,8,9,4,1,0,2,0,1,0,1,1,1,1,0,0,1,3,2,1,1,1,0,0,11,36,2,0,24,4,54,445568257.565715,445572821.485316,445572414.4172729,Custom 1,Custom 2,
44,2,2,1,7,10,NA,6,71,3,1,4,8,9,4,NA,0,2,0,1,0,1,1,1,1,0,0,1,3,2,1,1,1,0,NA,5,35,3,2,51,7,60,413946022.86688,413949462.181735,413948981.6297231,Custom 1,Custom 2,
45,2,2,1,7,10,0,13,44,2,0,4,8,9,4,1,0,2,0,1,0,1,1,1,1,0,0,1,3,2,1,1,1,0,0,12,88,3,2,22,2,53,477023429,477029325.073955,477028845.4238781,Custom 1,Custom 2,
46,2,2,1,7,10,NA,13,44,2,0,4,8,9,4,NA,0,2,0,1,0,1,1,1,1,0,0,1,3,2,1,1,1,0,NA,8,54,0,0,93,1,30,411445811,411450969.935456,411450489.155786,Custom 1,Custom 2,
47,2,2,1,7,10,0,14,65,1,0,4,8,9,4,1,0,2,0,1,0,1,1,1,1,0,0,1,3,2,1,1,1,0,0,12,67,1,0,71,5,28,443586364.531053,443592407.113049,443591927.88279796,Custom 1,Custom 2,
48,2,2,1,7,10,0,11,64,1,0,4,8,9,4,0,0,2,0,1,0,1,1,1,1,0,0,1,3,2,1,1,1,0,0,13,91,3,0,20,2,53,476245309.129867,476251004.337441,476250524.95902306,Custom 1,Custom 2,
49,2,2,1,7,10,NA,11,43,3,1,4,8,9,4,NA,0,2,0,1,0,1,1,1,1,0,0,1,3,2,1,1,1,0,NA,5,68,2,0,31,7,51,412908953.865987,412913102.17992,412912621.67470694,Custom 1,Custom 2,
50,2,2,1,7,10,NA,5,35,1,1,4,8,9,4,NA,0,2,0,1,0,1,1,1,1,0,0,1,3,2,1,1,1,0,NA,8,46,1,0,51,7,5,408070688.345568,408075260.410489,408074779.71552503,Custom 1,Custom 2,
51,2,2,1,7,10,0,10,63,3,1,4,8,9,4,1,0,2,0,1,0,1,1,1,1,0,0,1,3,2,1,1,1,0,0,6,36,1,0,35,6,80,502480849,502485398.044736,502484918.38010705,Custom 1,Custom 2,Madison High School
52,2,2,1,7,10,NA,12,52,2,1,4,8,9,4,NA,0,2,0,1,0,1,1,1,1,0,0,1,3,2,1,1,1,0,NA,14,45,0,0,89,7,51,411094799.205741,411099782.875579,411099302.860981,Custom 1,Custom 2,
53,2,2,1,7,10,0,9,52,1,0,4,8,9,4,1,0,2,0,1,0,1,1,1,1,0,0,1,3,2,1,1,1,0,0,10,62,3,0,71,5,72,439587342.228175,439593284.345118,439592805.31883407,Custom 1,Custom 2,
54,2,2,1,7,10,0,9,71,2,0,4,8,9,4,1,0,2,0,1,0,1,1,1,1,0,0,1,3,2,1,1,1,0,0,10,58,2,1,24,4,67,444185196.688535,444190824.925472,444190345.0003224,Custom 1,Custom 2,
55,2,2,1,7,10,0,0,0,0,0,4,8,1,4,1,0,2,0,1,0,1,1,1,1,0,0,1,3,2,1,1,1,0,0,0,0,0,0,53,5,55,478924474.151096,NA,NA,Custom 1,Custom 2,
56,2,2,1,7,10,0,8,70,1,0,4,8,9,4,1,0,2,0,1,0,1,1,1,1,0,0,1,3,2,1,1,1,0,0,12,69,1,0,84,5,71,443759387.266903,443764933.828952,443764454.3859969,Custom 1,Custom 2,
57,2,2,1,7,10,0,9,67,3,0,4,8,9,4,1,0,2,0,1,0,1,1,1,1,0,0,1,3,2,1,1,1,0,0,9,46,2,1,90,8,9,475808061.462317,475812792.666155,475812313.6525951,Custom 1,Custom 2,
58,2,2,1,7,10,0,10,56,1,1,4,8,9,4,1,0,2,0,1,0,1,1,1,1,0,0,1,3,2,1,1,1,0,0,11,49,2,0,38,8,90,472002718.343209,472008748.134595,472008268.36054194,Custom 1,Custom 2,
59,2,2,1,7,10,0,7,62,2,0,4,8,9,4,0,0,2,0,1,0,1,1,1,1,0,0,1,3,2,1,1,1,0,0,8,43,3,0,90,8,40,474339469.306851,474343818.188981,474343338.201793,Custom 1,Custom 2,
60,2,2,1,7,10,0,7,61,1,1,4,8,9,4,1,0,2,0,1,0,1,1,1,1,0,0,1,3,2,1,1,1,0,1,12,30,2,1,90,8,69,473821004.427694,473825794.696311,473825314.92772084,Custom 1,Custom 2,
61,2,2,1,7,10,NA,11,42,2,1,4,8,9,4,NA,0,2,0,1,0,1,1,1,1,0,0,1,3,2,1,1,1,0,NA,8,49,2,0,30,1,93,408594587.48484,408599426.208828,408598946.03893393,Custom 1,Custom 2,
62,2,2,1,7,10,0,13,63,3,1,4,8,9,4,1,0,2,0,1,0,1,1,1,1,0,0,1,3,2,1,1,1,0,0,15,53,1,0,71,5,70,445573480.82177,445580073.727637,445579593.94389206,Custom 1,Custom 2,
63,2,2,1,7,10,0,10,65,3,2,4,8,9,4,1,0,2,0,1,0,1,1,1,1,0,0,1,3,2,1,1,1,0,0,10,31,2,2,53,2,74,471580370.783198,471584395.263187,471583937.82524693,Custom 1,Custom 2,
64,2,2,1,7,10,0,17,82,0,0,4,8,9,4,1,0,2,0,1,0,1,1,1,1,0,0,1,3,2,1,1,1,0,0,12,85,0,0,66,5,71,442894793.521104,442901833.729429,442901354.04326504,Custom 1,Custom 2,
65,2,2,1,7,10,0,16,54,2,1,4,8,9,4,1,0,2,0,1,0,1,1,1,1,0,0,1,3,2,1,1,1,0,0,13,66,2,1,14,8,90,475634462.914312,475640308.707922,475639828.81532395,Custom 1,Custom 2,
66,2,2,1,7,10,0,22,55,0,0,4,8,9,4,0,0,2,0,1,0,1,1,1,1,0,0,1,3,2,1,1,1,0,0,8,65,1,0,53,2,55,478924509.746977,478932013.486181,478931534.10922116,Custom 1,Custom 2,
67,2,2,1,7,10,0,10,63,3,0,4,8,9,4,0,0,2,0,1,0,1,1,1,1,0,0,1,3,2,1,1,1,0,0,14,28,2,1,24,4,19,439347024.592502,439351822.966812,439351399.172166,Custom 1,Custom 2,
68,2,2,1,7,10,0,7,41,1,0,4,8,9,4,1,0,2,0,1,0,1,1,1,1,0,0,1,3,2,1,1,1,0,0,9,70,3,2,37,4,24,442889302.023527,442894447.359196,442893968.06141806,Custom 1,Custom 2,
69,2,2,1,7,10,0,10,39,2,0,4,8,9,4,1,0,2,0,1,0,1,1,1,1,0,0,1,3,2,1,1,1,0,0,7,69,3,2,29,2,53,475208784.309529,475213994.21825403,475213514.92972,Custom 1,Custom 2,
70,2,2,1,7,10,0,8,65,0,0,4,8,9,4,1,0,2,0,1,0,1,1,1,1,0,0,1,3,2,1,1,1,0,0,9,62,1,0,71,5,84,439352723.560593,439358409.395848,439357930.033637,Custom 1,Custom 2,
71,2,2,1,7,10,0,7,39,2,0,4,8,9,4,1,0,2,0,1,0,1,1,1,1,0,0,1,3,2,1,1,1,0,0,6,66,3,0,32,4,24,445395481.467721,445399823.418243,445399344.1154159,Custom 1,Custom 2,
72,2,3,1,7,10,0,9,77,2,0,4,8,9,4,1,0,2,0,1,0,1,1,1,1,0,0,1,3,2,1,1,1,0,0,14,71,1,0,35,6,75,503715631,503720407.453759,503719927.67405415,Custom 1,Custom 2,Madison High School
73,2,2,1,7,10,0,10,49,0,0,4,8,9,4,1,0,2,0,1,0,1,1,1,1,0,0,1,3,2,1,1,1,0,0,8,65,3,1,9,8,90,473993724.250973,473998958.927719,473998479.3281777,Custom 1,Custom 2,
74,2,2,1,7,10,0,9,63,0,0,4,8,9,4,1,0,2,0,1,0,1,1,1,1,0,0,1,3,2,1,1,1,0,0,10,57,2,0,53,2,55,476850738.726712,476856189.477925,476855709.930811,Custom 1,Custom 2,
75,2,2,1,7,10,0,20,63,1,0,4,8,9,4,1,0,2,0,1,0,1,1,1,1,0,0,1,3,2,1,1,1,0,0,13,71,1,0,71,4,48,439526426.063996,439532160.398199,439531680.33849096,Custom 1,Custom 2,
76,2,2,1,7,10,0,10,63,2,0,4,8,9,4,1,0,2,0,1,0,1,1,1,1,0,0,1,3,2,1,1,1,0,0,10,44,1,1,90,8,14,472179542.366472,472184451.773808,472183972.47959286,Custom 1,Custom 2,
77,2,2,1,7,10,0,12,48,0,0,4,8,9,4,1,0,2,0,1,0,1,1,1,1,0,0,1,3,2,1,1,1,0,0,8,59,2,0,25,2,53,474517631.406368,474523093.764097,474522614.40713996,Custom 1,Custom 2,
78,2,2,1,7,10,0,11,68,3,0,4,8,9,4,1,0,2,0,1,0,1,1,1,1,0,0,1,3,2,1,1,1,0,0,15,59,0,0,53,2,25,476417952.158615,476423842.595423,476423363.30185795,Custom 1,Custom 2,
79,2,2,1,7,10,0,15,71,3,2,4,8,9,4,1,0,2,0,1,0,1,1,1,1,0,0,1,3,2,1,1,1,0,0,8,46,2,0,53,2,62,471641495.488137,471646704.985277,471646225.5994512,Custom 1,Custom 2,
80,2,2,1,7,10,0,6,55,3,1,4,8,9,4,1,0,2,0,1,0,1,1,1,1,0,0,1,3,2,1,1,1,0,0,7,54,0,0,55,2,53,475036130.970176,475041143.170521,475040663.1627311,Custom 1,Custom 2,
81,2,2,1,7,10,NA,15,74,0,0,4,8,9,4,NA,0,2,0,1,0,1,1,1,1,0,0,1,3,2,1,1,1,0,NA,12,76,1,1,93,1,13,413347165.839038,413352913.508976,413352432.72784185,Custom 1,Custom 2,
82,2,2,1,7,10,0,9,36,3,1,4,8,9,4,1,0,2,0,1,0,1,1,1,1,0,0,1,3,2,1,1,1,0,0,8,59,2,0,91,4,24,440121622.876853,440126670.374146,440126191.3255191,Custom 1,Custom 2,
83,2,2,1,7,10,0,14,49,1,1,4,8,9,4,1,0,2,0,1,0,1,1,1,1,0,0,1,3,2,1,1,1,0,0,13,61,3,1,1,2,53,471044917.805936,471050639.959455,471050160.30821705,Custom 1,Custom 2,
84,2,2,1,7,10,0,5,66,3,0,4,8,9,4,1,0,2,0,1,0,1,1,1,1,0,0,1,3,2,1,1,1,0,0,5,51,2,1,90,8,61,476844670.331298,476849395.789275,476848916.64981204,Custom 1,Custom 2,
85,2,2,1,7,10,0,7,57,2,0,4,8,9,4,1,0,2,0,1,0,1,1,1,1,0,0,1,3,2,1,1,1,0,0,11,47,0,0,53,2,78,477539190.956866,477545381.007493,477544901.17823607,Custom 1,Custom 2,
86,2,2,1,7,10,0,9,51,2,0,4,8,9,4,1,0,2,0,1,0,1,1,1,1,0,0,1,3,2,1,1,1,0,0,13,71,3,1,92,3,81,503029836,503033874.86916,503033395.247734,Custom 1,Custom 2,
87,2,2,1,7,10,NA,4,58,0,0,4,8,9,4,NA,0,2,0,1,0,1,1,1,1,0,0,1,3,2,1,1,1,0,NA,6,56,1,0,93,1,36,408141019,408146643.38538,408146164.38538,Custom 1,Custom 2,
88,2,2,1,7,10,0,8,50,2,1,4,8,9,4,1,0,2,0,1,0,1,1,1,1,0,0,1,3,2,1,1,1,0,0,11,44,1,0,24,4,32,443580516.291755,443585927.369263,443585447.71395105,Custom 1,Custom 2,
89,2,2,1,7,10,0,9,56,1,0,4,8,9,4,1,0,2,0,1,0,1,1,1,1,0,0,1,3,2,1,1,1,0,0,12,64,2,0,2,2,53,472009281.648597,472015273.696751,472014793.81334496,Custom 1,Custom 2,
90,2,2,1,7,10,NA,9,56,1,1,4,8,9,4,NA,0,2,0,1,0,1,1,1,1,0,0,1,3,2,1,1,1,0,NA,8,57,0,0,86,7,51,414118829,414123344.573223,414122864.0350961,Custom 1,Custom 2,
91,2,2,1,7,10,0,8,75,2,1,4,8,9,4,1,0,2,0,1,0,1,1,1,1,0,0,1,3,2,1,1,1,0,0,15,67,1,1,24,4,21,439581463.473893,439586971.041092,439586491.40450704,Custom 1,Custom 2,
92,2,2,1,7,10,NA,11,49,0,0,4,8,9,4,NA,0,2,0,1,0,1,1,1,1,0,0,1,3,2,1,1,1,0,NA,9,54,0,0,93,1,6,411791457.444496,411797083.516317,411796603.19086623,Custom 1,Custom 2,
93,2,2,1,7,10,0,7,67,3,1,4,8,9,4,1,0,2,0,1,0,1,1,1,1,0,0,1,3,2,1,1,1,0,0,11,52,1,0,81,3,52,502486253,502492002.890378,502491523.02635723,Custom 1,Custom 2,Madison High School
94,2,2,1,7,10,0,7,65,1,0,4,8,4,4,1,0,2,0,1,0,1,1,1,1,0,0,1,3,2,1,1,1,0,0,12,68,0,1,11,8,43,470797139.234243,470802312.329344,470801832.8247018,Custom 1,Custom 2,
95,2,2,1,7,10,NA,11,57,1,0,4,8,9,4,NA,0,2,0,1,0,1,1,1,1,0,0,1,3,2,1,1,1,0,NA,9,51,1,0,93,1,57,408076200,408081979.93509,408081499.356122,Custom 1,Custom 2,Madison High School
96,2,2,1,7,10,NA,12,72,3,1,4,8,9,4,NA,0,2,0,1,0,1,1,1,1,0,0,1,3,2,1,1,1,0,NA,14,45,3,0,93,1,64,410927716.414059,410933397.435134,410932916.44834584,Custom 1,Custom 2,
97,2,2,1,7,10,0,10,59,2,0,4,8,9,4,1,0,2,0,1,0,1,1,1,1,0,0,1,3,2,1,1,1,0,0,9,60,1,0,18,2,53,475641072.112233,475646162.941819,475645683.54695785,Custom 1,Custom 2,
98,2,2,1,7,10,0,2,66,3,0,4,8,9,4,1,0,2,0,1,0,1,1,1,1,0,0,1,3,2,1,1,1,2,0,5,63,3,0,50,5,71,446779937.213744,446787576.340569,446787336.590716,Custom 1,Custom 2,
99,2,2,1,7,10,0,15,47,2,1,4,8,9,4,0,0,2,0,1,0,1,1,1,1,0,0,1,3,2,1,1,1,0,0,9,69,2,1,34,6,35,503087450,503093136.043027,503092656.493289,Custom 1,Custom 2,Syracuse High School
100,2,2,1,7,10,0,3,57,0,0,4,8,9,4,1,0,2,0,1,0,1,1,1,1,0,0,1,3,2,1,1,1,2,0,0,64,0,0,88,5,71,446260161.452679,446269936.767328,446269696.9412291,Custom 1,Custom 2,
101,2,2,1,7,10,0,9,71,3,0,4,8,9,4,1,0,2,0,1,0,1,1,1,1,0,0,1,3,2,1,1,1,0,0,10,45,0,0,71,5,45,443068418.146673,443759357.273029,443072991.50569916,Custom 1,Custom 2,
102,2,2,1,7,10,0,10,58,3,1,4,8,9,4,1,0,2,0,1,0,1,1,1,1,0,0,1,3,2,1,1,1,0,0,4,25,2,0,24,4,76,440556341.361409,440561204.678358,440560725.16990393,Custom 1,Custom 2,
103,2,2,1,7,10,0,7,77,3,2,4,8,9,4,0,0,2,0,1,0,1,1,1,1,0,0,1,3,2,1,1,1,0,0,10,33,3,1,53,2,22,471321089.290057,471325702.539168,471325330.4830171,Custom 1,Custom 2,
104,2,2,1,7,10,0,8,84,2,0,4,8,9,4,1,0,2,0,1,0,1,1,1,1,0,0,1,3,2,1,1,1,0,0,12,73,1,0,53,2,2,470803409.287124,470808918.037429,470808438.14730996,Custom 1,Custom 2,
105,2,2,1,7,10,0,5,58,3,2,4,8,9,4,1,0,2,0,1,0,1,1,1,1,0,0,1,3,2,1,1,1,0,0,9,28,2,1,24,4,37,444790534.174103,444795181.190456,444794714.17699194,Custom 1,Custom 2,
106,2,2,1,7,10,0,8,62,1,0,4,8,9,4,1,0,2,0,1,0,1,1,1,1,0,0,1,3,2,1,1,1,0,0,8,61,2,0,53,2,55,477970649.665061,477977468.785944,477976989.697547,Custom 1,Custom 2,
107,2,2,1,7,10,NA,7,76,3,0,4,8,9,4,NA,0,2,0,1,0,1,1,1,1,0,0,1,3,2,1,1,1,0,NA,10,44,3,1,51,7,56,411785820.059445,411790659.967045,411790179.044782,Custom 1,Custom 2,
108,2,2,1,7,10,NA,8,59,3,0,4,8,9,4,NA,0,2,0,1,0,1,1,1,1,0,0,1,3,2,1,1,1,0,NA,8,58,0,0,13,1,93,414640828,414646095.881855,414645615.855147,Custom 1,Custom 2,
109,2,2,1,7,10,NA,7,41,1,0,4,8,9,4,NA,0,2,0,1,0,1,1,1,1,0,0,1,3,2,1,1,1,0,NA,7,50,2,0,51,7,4,408135451.280142,408140615.414389,408140134.6901139,Custom 1,Custom 2,
110,2,2,1,7,10,NA,12,48,1,1,4,8,9,4,NA,0,2,0,1,0,1,1,1,1,0,0,1,3,2,1,1,1,0,NA,9,56,2,2,56,7,51,409107628,409111981.513294,409111502.27841914,Custom 1,Custom 2,
111,2,2,1,7,10,NA,12,41,2,0,4,8,9,4,NA,0,2,0,1,0,1,1,1,1,0,0,1,3,2,1,1,1,0,NA,9,47,3,0,87,1,51,410575834.733825,410581366.890509,410580885.97984713,Custom 1,Custom 2,
112,2,2,1,7,10,1,11,70,2,0,4,8,9,4,1,0,2,0,1,0,1,1,1,1,0,0,1,3,2,1,1,1,0,0,13,66,1,0,88,5,71,440734889.567058,440740837.557378,440740358.204884,Custom 1,Custom 2,
113,2,2,1,7,10,0,12,61,3,0,4,8,9,4,1,0,2,0,1,0,1,1,1,1,0,0,1,3,2,1,1,1,0,0,12,40,2,0,26,2,53,470977206,470982195.438607,470981715.4503628,Custom 1,Custom 2,Borah
114,2,2,1,7,10,0,10,67,3,1,4,8,9,4,1,0,2,0,1,0,1,1,1,1,0,0,1,3,2,1,1,1,2,0,19,53,0,1,71,5,66,446693184.289376,446700947.970928,446700466.91822094,Custom 1,Custom 2,
115,2,2,1,7,10,NA,6,61,1,1,4,8,9,4,NA,0,2,0,1,0,1,1,1,1,0,0,1,3,2,1,1,1,0,NA,9,60,0,0,13,1,93,411100587.003374,411106595.449008,411106115.1654629,Custom 1,Custom 2,
116,2,2,1,7,10,0,6,26,3,0,4,8,9,4,1,0,2,0,1,0,1,1,1,1,0,0,1,3,2,1,1,1,0,0,6,65,2,0,76,4,24,439864425.128699,439869760.676889,439869280.719939,Custom 1,Custom 2,
117,2,2,1,7,10,NA,7,53,1,0,4,8,9,4,NA,0,2,0,1,0,1,1,1,1,0,0,1,3,2,1,1,1,0,NA,8,51,0,0,64,1,93,414124939.559895,414130188.257363,414129708.247243,Custom 1,Custom 2,
118,2,2,1,7,10,0,14,66,2,0,4,8,9,4,1,0,2,0,1,0,1,1,1,1,0,0,1,3,2,1,1,1,0,0,13,53,3,2,90,8,82,471315659.374728,471320446.178594,471319967.1178789,Custom 1,Custom 2,
119,2,2,1,7,10,0,10,42,2,0,4,8,9,4,1,0,2,0,1,0,1,1,1,1,0,0,1,3,2,1,1,1,0,0,12,53,2,0,47,4,24,440184518.515645,440188973.368924,440188493.82976395,Custom 1,Custom 2,
120,2,2,1,7,10,NA,7,57,3,0,4,8,9,4,NA,0,2,0,1,0,1,1,1,1,0,0,1,3,2,1,1,1,0,NA,10,46,3,1,51,7,31,409280444,409284251.729722,409283771.729722,Custom 1,Custom 2,
121,2,2,1,7,10,0,5,70,3,2,4,8,9,4,1,0,2,0,1,0,1,1,1,1,0,0,1,3,2,1,1,1,0,0,8,21,2,1,71,5,12,440561589,440566643.440537,440566163.69817996,Custom 1,Custom 2,
122,2,2,1,7,10,0,8,46,1,0,4,8,9,4,1,0,2,0,1,0,1,1,1,1,0,0,1,3,2,1,1,1,0,0,6,51,3,1,40,8,90,476239376.72071,476244812.221018,476244332.70149976,Custom 1,Custom 2,
123,2,2,1,7,10,NA,14,57,2,0,4,8,9,4,NA,0,2,0,1,0,1,1,1,1,0,0,1,3,2,1,1,1,0,NA,10,69,0,0,7,1,93,412309841,412315635.48876,412315155.43170583,Custom 1,Custom 2,
124,2,2,1,7,10,0,9,75,3,1,4,8,9,4,0,0,2,0,1,0,1,1,1,1,0,0,1,3,2,1,1,1,0,0,8,47,1,0,53,2,29,473826385.582052,473831594.900867,473831116.42263407,Custom 1,Custom 2,
125,2,2,1,7,10,NA,9,54,2,0,4,8,9,4,NA,0,2,0,1,0,1,1,1,1,0,0,1,3,2,1,1,1,0,NA,6,39,2,0,58,7,51,413514007,413518278.523161,413517798.07730114,Custom 1,Custom 2,
126,2,2,1,7,10,0,13,83,0,0,4,8,9,4,1,0,2,0,1,0,1,1,1,1,0,0,1,3,2,1,1,1,0,0,13,68,1,0,71,5,88,444191190.172411,444197716.636392,444197237.34395754,Custom 1,Custom 2,
127,2,2,1,7,10,NA,8,51,2,2,4,8,9,4,NA,0,2,0,1,0,1,1,1,1,0,0,1,3,2,1,1,1,0,NA,8,41,2,0,51,7,58,411612968.628991,411617438.467789,411616958.161156,Custom 1,Custom 2,
128,2,2,1,7,10,0,13,65,2,1,4,8,9,4,1,0,2,0,1,0,1,1,1,1,0,0,1,3,2,1,1,1,0,0,10,46,3,0,24,4,23,443062745.821427,443067337.905192,443066858.2020788,Custom 1,Custom 2,
129,2,2,1,7,10,0,12,28,2,0,4,8,9,4,1,0,2,0,1,0,1,1,1,1,0,0,1,3,2,1,1,1,0,0,7,54,3,2,23,4,24,444962331.242945,444968076.544487,444967596.7981852,Custom 1,Custom 2,
130,2,2,1,7,10,0,7,64,2,2,4,8,9,4,1,0,2,0,1,0,1,1,1,1,0,0,1,3,2,1,1,1,0,0,5,66,2,0,67,4,24,440728727.986717,440734256.97185,440733776.678482,Custom 1,Custom 2,
131,2,3,1,7,10,1,11,65,3,1,4,8,9,4,1,0,2,0,1,0,1,1,1,1,0,0,1,3,2,1,1,1,0,0,6,37,1,0,35,6,17,502765215,502769641.293641,502769161.317206,Custom 1,Custom 2,Madioson High School
132,2,2,1,7,10,0,10,65,2,2,4,8,9,4,1,0,2,0,1,0,1,1,1,1,0,0,1,3,2,1,1,1,0,0,14,45,3,1,71,5,66,445916714.02202,445922326.821083,445921847.6623459,Custom 1,Custom 2,
133,2,2,1,7,10,0,16,62,1,0,4,8,9,4,0,0,2,0,1,0,1,1,1,1,0,0,1,3,2,1,1,1,0,0,9,67,3,0,46,3,81,503094641,503099812.939,503099333.3927491,Custom 1,Custom 2,Syracuse High School
134,2,2,1,7,10,NA,2,56,1,0,4,8,9,4,NA,0,2,0,1,0,1,1,1,1,0,0,1,3,2,1,1,1,0,NA,4,49,-2,0,83,1,93,410582116.459747,410588056.220127,410587815.809742,Custom 1,Custom 2,
135,2,2,1,7,10,NA,7,46,2,1,4,8,9,4,NA,0,2,0,1,0,1,1,1,1,0,0,1,3,2,1,1,1,0,NA,6,39,2,1,51,7,73,411440454,411444862.214602,411444381.26636493,Custom 1,Custom 2,
136,2,2,1,7,10,NA,12,75,2,2,4,8,9,4,NA,0,2,0,1,0,1,1,1,1,0,0,1,3,2,1,1,1,0,NA,11,50,2,0,93,1,15,409285840,409290676.549264,409290195.65660894,Custom 1,Custom 2,
137,2,2,1,7,10,0,8,35,2,1,4,8,9,4,1,0,2,0,1,0,1,1,1,1,0,0,1,3,2,1,1,1,0,0,3,48,2,1,27,5,71,440128010.485101,440133104.595537,440132624.9812379,Custom 1,Custom 2,
138,2,2,1,7,10,NA,8,33,2,0,4,8,9,4,NA,0,2,0,1,0,1,1,1,1,0,0,1,3,2,1,1,1,0,NA,9,58,3,2,16,7,51,408416453,408420428.423247,408419947.4401718,Custom 1,Custom 2,
139,2,2,1,7,10,NA,12,54,3,1,4,8,9,4,NA,0,2,0,1,0,1,1,1,1,0,0,1,3,2,1,1,1,0,NA,13,46,2,0,51,7,86,410921754.857411,410926624.437866,410926143.841386,Custom 1,Custom 2,
140,2,2,1,7,10,0,7,58,3,2,4,8,9,4,0,0,2,0,1,0,1,1,1,1,0,0,1,3,2,1,1,1,0,0,8,39,1,0,35,6,3,502419658,502424006.731855,502423526.768111,Custom 1,Custom 2,Madison High School
141,2,2,1,7,10,0,10,67,2,1,4,8,9,4,0,0,2,0,1,0,1,1,1,1,0,0,1,3,2,1,1,1,0,0,14,41,2,1,53,2,42,478726159.148868,478739873.659433,478739394.43705004,Custom 1,Custom 2,
142,2,2,1,7,10,0,8,25,2,2,4,8,9,4,1,0,2,0,1,0,1,1,1,1,0,0,1,3,2,1,1,1,0,0,9,50,3,1,39,8,90,474512466.993135,474516883.871406,474516418.3413941,Custom 1,Custom 2,
143,2,3,1,7,10,0,6,76,2,1,4,8,9,4,1,0,2,0,1,0,1,1,1,1,0,0,1,3,2,1,1,1,0,0,9,60,3,0,81,3,33,503721022,503726029.322625,503725550.21516603,Custom 1,Custom 2,Madison High School
144,2,2,1,7,10,NA,8,66,3,2,4,8,9,4,NA,0,2,0,1,0,1,1,1,1,0,0,1,3,2,1,1,1,0,NA,10,46,3,0,93,1,7,413950755.901497,413955904.512545,413955423.6742841,Custom 1,Custom 2,
145,2,460,1,7,10,0,7,63,2,1,4,8,9,4,1,0,2,0,1,0,1,1,1,1,0,0,1,3,2,1,1,1,0,0,9,53,2,0,75,6,35,505181715,505185856.811429,505185377.21943486,Custom 1,Custom 2,Skyviw High School
146,2,418,1,7,10,0,11,68,2,0,4,8,9,4,1,0,2,0,1,0,1,1,1,1,0,0,1,3,2,1,1,1,0,0,9,64,1,0,33,3,81,505188048,505192640.02191,505192160.28147,Custom 1,Custom 2,Skyview High School
147,2,436,1,7,10,0,8,36,2,1,4,8,9,4,0,0,2,0,1,0,1,1,1,1,0,0,1,3,2,1,1,1,0,0,6,67,3,2,94,6,35,505270830,505274836.216654,505274357.16170204,Custom 1,Custom 2,
148,2,356,1,7,10,0,10,36,3,1,4,8,9,4,0,0,2,0,1,0,1,1,1,1,0,0,1,3,2,1,1,1,0,0,4,70,3,2,95,3,81,505276252,505280071.472547,505279591.51926005,Custom 1,Custom 2,Skyline High School
149,2,429,1,7,10,0,8,65,3,1,4,8,9,4,0,0,2,0,1,0,1,1,1,1,0,0,1,3,2,1,1,1,0,0,5,35,1,0,35,6,96,505443613,505447512.662963,505447033.025612,Custom 1,Custom 2,
151,2,410,1,7,10,0,8,73,3,1,4,8,9,4,0,0,2,0,1,0,1,1,1,1,0,0,1,3,2,1,1,1,0,0,10,53,1,0,81,3,97,505449033,505453444.757363,505452964.9272131,Custom 1,Custom 2,Madison High School
152,2,442,1,7,10,0,4,77,2,0,4,8,9,4,0,0,2,0,1,0,1,1,1,1,0,0,1,3,2,1,1,1,0,0,7,51,1,1,35,6,98,505789239,505793665.185832,505793185.2161761,Custom 1,Custom 2,Madison High School
153,2,456,1,7,10,0,7,72,3,2,4,8,9,4,1,0,2,0,1,0,1,1,1,1,0,0,1,3,2,1,1,1,0,0,4,37,0,0,81,3,99,505794652,505799859.59077,505799379.478033,Custom 1,Custom 2,Madison High School
154,2,406,1,7,10,0,9,30,3,0,4,8,9,4,1,0,2,0,1,0,1,1,1,1,0,0,1,3,2,1,1,1,0,0,3,63,3,0,100,6,35,505962022,505966095.81182,505965616.058198,Custom 1,Custom 2,
155,2,518,1,7,10,0,13,41,3,2,4,8,9,4,1,0,2,0,1,0,1,1,1,1,0,0,1,3,2,1,1,1,0,0,6,63,3,1,101,3,81,505967433,505972415.973656,505971936.77076006,Custom 1,Custom 2,Blackfoot High School
156,2,489,1,7,10,0,7,47,3,1,4,8,9,4,1,0,2,0,1,0,1,1,1,1,0,0,1,3,2,1,1,1,0,0,8,61,2,2,17,6,35,506134817,506139828.712937,506139349.3419369,Custom 1,Custom 2,Idaho Falls High School
157,2,461,1,7,10,0,8,31,1,0,4,8,9,4,1,0,2,0,1,0,1,1,1,1,0,0,1,3,2,1,1,1,0,0,8,44,2,0,85,3,81,506139916.885852,506145221.758906,506144742.27909714,Custom 1,Custom 2,
158,2,454,1,7,10,0,10,60,2,1,4,8,9,4,1,0,2,0,1,0,1,1,1,1,0,0,1,3,2,1,1,1,0,0,8,40,3,1,35,6,102,506480413,506484859.111492,506484379.699217,Custom 1,Custom 2,Madison High School
159,2,462,1,7,10,0,8,76,0,0,4,8,9,4,1,0,2,0,1,0,1,1,1,1,0,0,1,3,2,1,1,1,0,0,9,60,2,0,81,3,103,506485833,506490749.28569,506490270.0790388,Custom 1,Custom 2,Madison High School
160,2,465,1,7,10,0,7,72,3,1,4,8,9,4,0,0,2,0,1,0,1,1,1,1,0,0,1,3,2,1,1,1,0,0,7,29,2,2,35,6,94,506569250,506573628.019379,506573148.556059,Custom 1,Custom 2,Madison High School
161,2,404,1,7,10,0,7,84,3,2,4,8,9,4,0,0,2,0,1,0,1,1,1,1,0,0,1,3,2,1,1,1,0,0,6,30,0,0,81,3,95,506574621,506579024.284732,506578544.5534669,Custom 1,Custom 2,
164,2,405,1,7,10,0,6,63,3,0,4,8,9,4,1,0,2,0,1,0,1,1,1,1,0,0,1,3,2,1,1,1,0,0,10,42,2,1,35,6,65,507085206,507089389.244003,507088910.217416,Custom 1,Custom 2,Madison High School
165,2,452,1,7,10,0,7,73,3,1,4,8,9,4,1,0,2,0,1,0,1,1,1,1,0,0,1,3,2,1,1,1,0,0,8,39,1,0,81,3,49,507090657,507095287.070586,507094807.758826,Custom 1,Custom 2,Madison High School
166,2,497,1,7,10,0,13,45,0,0,4,8,9,4,1,0,2,0,1,0,1,1,1,1,0,0,1,3,2,1,1,1,0,0,6,60,2,0,96,6,35,507258043,507262894.627313,507262414.86027515,Custom 1,Custom 2,Bonneville High School
167,2,410,1,7,10,0,8,52,3,0,4,8,9,4,0,0,2,0,1,0,1,1,1,1,0,0,1,3,2,1,1,1,0,0,7,85,3,1,97,3,81,507263413,507268134.47763,507267655.41512495,Custom 1,Custom 2,Bonneville High School
168,2,438,1,7,10,0,14,48,2,0,4,8,9,4,1,0,2,0,1,0,1,1,1,1,0,0,1,3,2,1,1,1,0,1,6,81,3,1,98,6,35,507690005,507694104.378741,507693625.220436,Custom 1,Custom 2,Rigby High School
169,2,557,1,7,10,0,15,73,1,0,4,8,9,4,1,0,2,0,1,0,1,1,1,1,0,0,1,3,2,1,1,1,0,0,12,83,3,0,99,3,81,507695440,507701449.224159,507700969.23565215,Custom 1,Custom 2,Rigby High School
170,2,439,1,7,10,0,9,56,2,1,4,8,9,4,0,0,2,0,1,0,1,1,1,1,0,0,1,3,2,1,1,1,0,0,7,65,3,2,102,6,35,508294859,508299049.793472,508298569.97238594,Custom 1,Custom 2,Hillcrest High School
171,2,472,1,7,10,0,15,61,1,1,4,8,9,4,1,0,2,0,1,0,1,1,1,1,0,0,1,3,2,1,1,1,0,0,12,67,1,0,103,3,81,508300208,508305423.286276,508304943.31639993,Custom 1,Custom 2,Hillcrest High School
172,2,381,1,7,10,0,3,56,2,2,4,8,9,4,0,0,2,0,1,0,1,1,1,1,0,0,1,3,2,1,1,1,0,0,4,28,3,1,35,6,100,508467607.767216,508471269.391338,508470789.45077294,Custom 1,Custom 2,Madison High School
173,2,472,1,7,10,0,9,62,2,1,4,8,9,4,0,0,2,0,1,0,1,1,1,1,0,0,1,3,2,1,1,1,0,0,14,39,2,1,81,3,101,508472131.471782,508477829.026515,508477349.4460471,Custom 1,Custom 2,
174,2,396,1,7,10,0,6,57,3,1,4,8,9,4,1,0,2,0,1,0,1,1,1,1,0,0,1,3,2,1,1,1,2,0,6,17,1,1,35,6,106,508531228,508535248.940023,508534768.94695604,Custom 1,Custom 2,Rigby High School
175,2,411,1,7,10,0,11,52,2,1,4,8,9,4,0,0,2,0,1,0,1,1,1,1,0,0,1,3,2,1,1,1,2,0,3,73,2,1,94,6,35,508550414,508554601.81341,508554122.74465597,Custom 1,Custom 2,Rigby High School
177,2,403,1,7,10,0,6,46,2,0,4,8,9,4,1,0,2,0,1,0,1,1,1,1,0,0,1,3,2,1,1,1,0,0,8,38,2,1,35,6,17,508732255,508737226.50084,508736746.9694218,Custom 1,Custom 2,
178,2,492,1,7,10,0,8,83,3,0,4,8,9,4,0,0,2,0,1,0,1,1,1,1,0,0,1,3,2,1,1,1,1,0,11,46,0,1,81,3,99,508816844,508821578.111937,508821098.71080816,Charges Taken,Custom 2,Madison High School
179,2,410,1,7,10,0,8,60,3,1,4,8,9,4,0,0,2,0,1,0,1,1,1,1,0,0,1,3,2,1,1,1,1,0,7,42,2,0,81,3,97,509421659,509426131.30772,509425651.31357807,Custom 1,Custom 2,Madison High School
180,2,601,1,7,10,0,5,71,0,0,4,8,9,4,1,0,2,0,1,0,1,1,1,1,0,0,1,3,2,1,1,1,2,0,1,75,0,0,81,3,107,510196504,510203192.633764,510202955.593332,Custom 1,Custom 2,Ford Idaho Center
181,2,520,1,7,10,0,13,84,3,0,4,8,9,4,0,0,2,0,1,0,1,1,1,1,0,0,1,3,2,1,1,1,2,0,16,72,1,0,81,3,52,510271214,510276215.145183,510275735.95204586,Custom 1,Custom 2,Ford Idaho Center
182,2,436,1,7,10,0,0,44,0,-2,4,8,9,4,1,0,2,0,1,0,1,1,1,1,0,0,1,3,2,1,1,1,2,0,3,42,0,-2,97,3,81,510339611,510345430.280471,510345190.776543,Custom 1,Custom 2,Columbia High School
183,2,411,1,7,10,1,8,64,2,1,4,8,9,4,0,0,2,0,1,0,1,1,1,1,0,0,1,3,2,1,1,1,0,0,10,48,3,2,110,10,111,533696426,533700965.359372,533700486.27618897,Custom 1,Custom 2,Madison High School
184,2,478,1,7,10,0,0,74,2,0,4,8,9,4,0,0,2,0,1,0,1,1,1,1,0,0,1,3,2,1,1,1,0,0,0,53,0,0,109,9,108,533702162,533707556.494464,533707077.08477896,Custom 1,Custom 2,Mhs
185,2,447,1,7,10,0,1,66,2,0,4,8,9,4,NA,0,2,0,1,0,1,1,1,1,0,0,1,3,2,1,1,1,0,0,1,57,1,0,112,9,109,533874658,533881414.965681,533881175.20502096,Custom 1,Custom 2,Boise High School
186,2,403,1,7,10,0,7,57,3,1,4,8,9,4,NA,0,2,0,1,0,1,1,1,1,0,0,1,3,2,1,1,1,0,0,7,42,2,1,113,9,109,533937607,533943323.572988,533942843.51703215,Custom 1,Custom 2,Bhs
187,2,411,1,7,10,0,4,59,2,1,4,8,9,4,NA,0,2,0,1,0,1,1,1,1,0,0,1,3,2,1,1,1,0,0,9,33,3,1,110,10,114,534473376.617383,534478208.564826,534477728.52807003,Custom 1,Custom 2,Mhs
188,2,395,1,7,10,0,9,72,3,0,4,8,9,4,NA,0,2,0,1,0,1,1,1,1,0,0,1,3,2,1,1,1,0,0,11,40,2,2,109,9,115,534478805.039712,534484317.658483,534483991.134668,Custom 1,Custom 2,Mhs
189,2,424,1,7,10,0,7,74,1,0,4,8,9,4,NA,0,2,0,1,0,1,1,1,1,0,0,1,3,2,1,1,1,0,0,15,66,2,0,110,10,116,534532406.015741,534537492.270319,534537011.161879,Custom 1,Custom 2,Mhs
190,2,435,1,7,10,0,6,78,3,1,4,8,9,4,NA,0,2,0,1,0,1,1,1,1,0,0,1,3,2,1,1,1,0,0,11,66,0,2,109,9,117,534537870.046902,534543177.459087,534542696.40878975,Custom 1,Custom 2,Mhs
191,2,333,1,7,10,0,9,48,2,1,4,8,9,4,NA,0,2,0,1,0,1,1,1,1,0,0,1,3,2,1,1,1,0,0,6,44,2,2,110,9,119,534904936.130358,534910362.835491,534909882.75210917,Custom 1,Custom 2,
192,2,424,1,7,10,0,7,60,3,2,4,8,9,4,NA,0,2,0,1,0,1,1,1,1,0,0,1,3,2,1,1,1,0,0,7,42,1,0,109,9,120,534910715.40741,534916047.342913,534915566.3182701,Custom 1,Custom 2,Mhs
195,2,295,1,7,10,0,11,41,0,0,4,8,9,4,NA,0,2,0,1,0,1,1,1,1,0,0,1,3,2,1,1,1,0,0,8,44,1,1,121,10,123,535077165.331854,535083577.271273,535083097.8955471,Custom 1,Custom 2,
196,2,343,1,7,10,0,12,57,3,1,4,8,3,4,NA,0,2,0,1,0,1,1,1,1,0,0,1,3,2,1,1,1,0,0,8,74,1,0,108,9,109,535083615.77087,535089465.727505,535088983.07865727,Custom 1,Custom 2,
197,2,387,1,7,10,0,15,50,3,1,4,8,9,4,NA,0,2,0,1,0,1,1,1,1,0,0,1,3,2,1,1,1,0,0,6,60,1,0,125,10,123,535594128.540421,535599326.444643,535598846.628582,Custom 1,Custom 2,Skyview
198,2,368,1,7,10,0,12,47,2,0,4,8,9,4,NA,0,2,0,1,0,1,1,1,1,0,0,1,3,2,1,1,1,0,0,6,53,2,0,125,9,109,535600857,535605531.055127,535605050.9714089,Custom 1,Custom 2,Skyview
200,2,418,1,7,10,0,12,64,1,2,4,8,9,4,NA,0,2,0,1,0,1,1,1,1,0,0,1,3,2,1,1,1,0,0,7,48,3,1,110,10,126,535683124.551634,535687735.4061,535687255.64405787,Custom 1,Custom 2,Mhs
201,2,461,1,7,10,0,11,68,3,2,4,8,9,4,NA,0,2,0,1,0,1,1,1,1,0,0,1,3,2,1,1,1,0,0,12,49,2,0,109,9,128,535687851.121341,535693925.838564,535693444.5424299,Custom 1,Custom 2,Mhs
202,2,291,1,7,10,0,7,51,0,1,4,8,9,4,NA,0,2,0,1,0,1,1,1,1,0,0,1,3,2,1,1,1,0,0,7,49,1,2,123,10,125,536284181.852939,536288991.558675,536288511.17701614,Custom 1,Custom 2,
203,2,418,1,7,10,0,5,65,2,1,4,8,9,4,NA,0,2,0,1,0,1,1,1,1,0,0,1,3,2,1,1,1,0,0,12,57,0,1,109,9,125,536289008.29926,536295072.597738,536294590.8237739,Custom 1,Custom 2,Madison JR High
204,2,428,1,7,10,0,10,31,2,1,4,8,9,4,NA,0,2,0,1,0,1,1,1,1,0,0,1,3,2,1,1,1,0,0,6,60,2,2,120,9,109,536717256.377004,536731823.562132,536731348.805191,Custom 1,Custom 2,Skyline High School
205,2,448,1,7,10,0,11,46,0,0,4,8,9,4,NA,0,2,0,1,0,1,1,1,1,0,0,1,3,2,1,1,1,0,0,15,47,0,0,110,10,119,536718966.418419,536726151.982578,536725670.897769,Custom 1,Custom 2,SHS
206,2,355,1,7,10,0,4,57,3,0,4,8,9,4,NA,0,2,0,1,0,1,1,1,1,0,0,1,3,2,1,1,1,0,0,9,16,2,2,110,10,129,536893238,536897242.581044,536896881.0083082,Custom 1,Custom 2,Mhs
207,2,446,1,7,10,0,6,73,3,1,4,8,9,4,NA,0,2,0,1,0,1,1,1,1,0,0,1,3,2,1,1,1,0,0,9,56,2,0,109,9,130,536898623,536903129.016148,536902648.8341889,Custom 1,Custom 2,Mhs
208,2,348,1,7,10,0,8,27,3,1,4,8,9,4,NA,0,2,0,1,0,1,1,1,1,0,0,1,3,2,1,1,1,0,0,6,57,3,1,131,10,110,537238678.421685,537242618.479647,537242137.8153942,Custom 1,Custom 2,Bhs
209,2,474,1,7,10,0,13,65,1,0,4,8,9,4,NA,0,2,0,1,0,1,1,1,1,0,0,1,3,2,1,1,1,0,0,11,77,3,1,132,9,109,537244225,537249419.255272,537248938.1259699,Custom 1,Custom 2,Bhs
210,2,308,1,7,10,0,6,66,2,2,4,8,9,4,NA,0,2,0,1,0,1,1,1,1,0,0,1,3,2,1,1,1,0,0,6,46,2,1,110,10,133,537410846.734731,537416339.366852,537415859.7169822,Custom 1,Custom 2,Mhs
211,2,454,1,7,10,0,9,61,3,0,4,8,9,4,NA,0,2,0,1,0,1,1,1,1,0,0,1,3,2,1,1,1,0,0,10,43,3,0,109,9,134,537416436.791763,537422402.919322,537421922.9758353,Custom 1,Custom 2,
212,2,366,1,7,10,0,16,40,1,1,4,8,9,4,0,0,2,0,1,0,1,1,1,1,0,0,1,3,2,1,1,1,0,0,12,43,1,0,136,10,110,538100546.233922,538107953.974284,538107474.5273076,Custom 1,Custom 2,Hhs
213,2,371,1,7,10,0,11,63,1,1,4,8,9,4,NA,0,2,0,1,0,1,1,1,1,0,0,1,3,2,1,1,1,0,0,12,56,2,0,137,9,109,538108138.755941,538113840.829768,538113360.9628001,Custom 1,Custom 2,
214,2,292,1,7,10,0,11,46,1,1,4,8,9,4,NA,0,2,0,1,0,1,1,1,1,0,0,1,3,2,1,1,1,0,0,9,52,1,1,129,10,110,538533446.553467,538539680.117081,538539199.2335798,Custom 1,Custom 2,HHS
215,2,415,1,7,10,1,6,50,1,0,4,8,9,4,NA,0,2,0,1,0,1,1,1,1,0,0,1,3,2,1,1,1,0,0,5,53,1,0,130,9,109,538540029.705453,538546017.313979,538545534.828507,Custom 1,Custom 2,
216,2,409,1,7,10,0,10,56,2,2,4,8,9,4,0,0,2,0,1,0,1,1,1,1,0,0,1,3,2,1,1,1,0,0,13,26,0,0,110,10,131,538707489.203766,538712260.832178,538711779.622384,Custom 1,Custom 2,Mhs
217,2,385,1,7,10,0,7,63,3,1,4,8,9,4,NA,0,2,0,1,0,1,1,1,1,0,0,1,3,2,1,1,1,0,1,15,28,3,1,109,9,132,538713030,538717903.516669,538717612.797786,Custom 1,Custom 2,Mhs
218,2,289,1,7,10,0,7,47,2,0,4,8,9,4,0,0,2,0,1,0,1,1,1,1,0,0,1,3,2,1,1,1,0,0,7,51,0,0,139,10,123,539137893.281248,539144731.748684,539144251.5676641,Custom 1,Custom 2,RHS
219,2,384,1,7,10,0,8,38,2,0,4,8,9,4,NA,0,2,0,1,0,1,1,1,1,0,0,1,3,2,1,1,1,0,0,8,64,3,1,134,9,109,539144752.576528,539150444.787432,539149965.4464649,Custom 1,Custom 2,Rhs
220,2,311,1,7,10,0,10,43,2,0,4,8,9,4,NA,0,2,0,1,0,1,1,1,1,0,0,1,3,2,1,1,1,0,0,5,56,2,0,110,10,136,539743716.267855,539749234.042057,539748752.6041871,Custom 1,Custom 2,MHS
221,2,495,1,7,10,0,10,63,0,1,4,8,9,4,NA,0,2,0,1,0,1,1,1,1,0,0,1,3,2,1,1,1,0,0,15,53,0,0,109,9,137,539749286.422163,539756441.892485,539755960.7044808,Custom 1,Custom 2,MHS
222,2,270,1,7,10,0,9,49,2,1,4,8,9,4,NA,0,2,0,1,0,1,1,1,1,0,0,1,3,2,1,1,1,0,0,5,58,1,0,126,10,110,539915604.15597,539921351.538014,539920871.2631749,Custom 1,Custom 2,Bhs
223,2,374,1,7,10,0,13,61,0,1,4,8,9,4,NA,0,2,0,1,0,1,1,1,1,0,0,1,3,2,1,1,1,0,0,9,69,3,1,128,9,109,539921385.705652,539928336.806779,539927857.4122747,Custom 1,Custom 2,Bhs
224,2,326,1,7,10,0,12,57,0,0,4,8,9,4,NA,0,2,0,1,0,1,1,1,1,0,0,1,3,2,1,1,1,0,0,11,42,2,2,123,10,121,539979653.409274,539985019.354301,539984539.2955431,Custom 1,Custom 2,RHS
225,2,259,1,7,10,0,7,44,0,0,4,8,9,4,NA,0,2,0,1,0,1,1,1,1,0,0,1,3,2,1,1,1,2,0,10,46,0,0,110,10,136,539999423.599423,540004630.315067,540004148.5306321,Custom 1,Custom 2,RHS
226,2,371,1,7,10,0,13,59,3,2,4,8,9,4,NA,0,2,0,1,0,1,1,1,1,0,0,1,3,2,1,1,1,0,0,9,50,0,0,109,9,132,540264992.492972,540271034.545965,540270554.1116567,Custom 1,Custom 2,Mhs Districts
227,2,409,1,7,10,0,11,55,0,0,4,8,9,4,NA,0,2,0,1,0,1,1,1,1,0,0,1,3,2,1,1,1,0,0,13,52,1,0,109,9,137,540868900.894622,540876421.494586,540875941.5061291,Custom 1,Custom 2,Mhs District Championship
228,2,358,1,7,10,0,9,39,1,0,4,8,9,4,NA,0,2,0,1,0,1,1,1,1,0,0,1,3,2,1,1,1,2,0,5,44,0,0,109,9,113,541632000.381595,541638977.756561,541638496.9744622,Custom 1,Custom 2,Ford Center
229,2,565,1,7,10,0,24,71,0,0,4,8,9,4,1,0,2,0,1,0,1,1,1,1,0,0,1,3,2,1,1,1,2,0,16,82,0,0,112,9,109,541713628.711771,541720710.912869,541720230.8629737,Custom 1,Custom 2,Ford Center
230,2,376,1,7,10,0,6,58,3,1,4,8,9,4,NA,0,2,0,1,0,1,1,1,1,0,0,1,3,2,1,1,1,2,0,8,43,1,0,109,9,140,541787058.400409,541793820.959613,541793341.3996453,Custom 1,Custom 2,Colombia High School
231,2,217,1,7,10,0,8,47,2,1,4,8,3,4,NA,0,2,0,1,0,1,1,1,1,0,0,1,3,2,1,1,1,0,0,8,28,3,1,142,9,144,565232455,565236709.143093,565236227.6956159,Custom 1,Custom 2,
232,2,395,1,7,10,0,10,68,3,0,4,8,3,4,NA,0,2,0,1,0,1,1,1,1,0,0,1,3,2,1,1,1,0,0,12,58,1,1,145,9,146,565236872.333718,565243002.389136,565242520.2408407,Custom 1,Custom 2,
233,2,338,1,7,10,0,9,73,1,1,4,8,4,4,NA,0,2,0,1,0,1,1,1,1,0,0,1,3,2,1,1,1,0,0,12,49,3,0,142,9,147,565318849,565490753.298603,565323328.7374161,Custom 1,Custom 2,
234,2,351,1,7,10,0,10,53,1,0,4,8,4,4,0,0,2,0,1,0,1,1,1,1,0,0,1,3,2,1,1,1,0,0,9,51,3,0,145,9,148,565324240,565330046.5759,565329567.318578,Custom 1,Custom 2,
235,2,375,1,7,10,0,7,56,0,1,4,8,4,4,NA,0,2,0,1,0,1,1,1,1,0,0,1,3,2,1,1,1,0,0,14,53,2,1,142,9,149,565380022,565384491.816264,565384012.7681793,Custom 1,Custom 2,
236,2,443,1,7,10,0,10,64,3,1,4,8,4,4,NA,0,2,0,1,0,1,1,1,1,0,0,1,3,2,1,1,1,0,0,11,44,1,0,145,9,150,565385437,565391141.145307,565390660.9652389,Custom 1,Custom 2,
237,2,403,1,7,10,0,7,44,3,1,4,8,9,4,NA,0,2,0,1,0,1,1,1,1,0,0,1,3,2,1,1,1,0,0,9,66,3,0,151,9,145,565669831,565675173.213753,565674693.3224127,Custom 1,Custom 2,
238,2,362,1,7,10,0,17,45,3,1,4,8,9,4,NA,0,2,0,1,0,1,1,1,1,0,0,1,3,2,1,1,1,0,0,16,40,2,0,145,9,152,565842648,565847355.901926,565846876.250709,Custom 1,Custom 2,
239,2,336,1,7,10,0,12,47,1,1,4,8,9,4,NA,0,2,0,1,0,1,1,1,1,0,0,1,3,2,1,1,1,0,0,9,51,2,0,153,9,145,566361043,566366114.01313,566365725.7012571,Custom 1,Custom 2,
240,2,339,1,7,10,0,10,58,3,0,4,8,9,4,NA,0,2,0,1,0,1,1,1,1,0,0,1,3,2,1,1,1,0,0,8,41,3,0,145,9,154,566533839,566538151.006067,566537709.482038,Custom 1,Custom 2,
241,2,367,1,7,10,0,11,63,2,0,4,8,9,4,NA,0,2,0,1,0,1,1,1,1,0,0,1,3,2,1,1,1,0,0,7,28,2,1,145,9,155,566965241.794414,566970524.34035,566970408.5957819,Custom 1,Custom 2,
242,2,372,1,7,10,0,12,42,0,0,4,8,9,4,NA,0,2,0,1,0,1,1,1,1,0,0,1,3,2,1,1,1,0,1,9,45,0,1,156,9,145,567138600,567145781.122228,567145474.8600079,Custom 1,Custom 2,
243,2,371,1,7,10,0,10,64,1,1,4,8,9,4,NA,0,2,0,1,0,1,1,1,1,0,0,1,3,2,1,1,1,0,0,10,55,2,1,145,9,157,567829841,567834526.747832,567834046.3571353,Custom 1,Custom 2,
244,2,405,1,7,10,0,6,66,1,0,4,8,9,4,NA,0,2,0,1,0,1,1,1,1,0,0,1,3,2,1,1,1,0,0,12,57,2,0,158,9,145,568255257.743805,568261340.756733,568260861.3296471,Custom 1,Custom 2,
245,2,443,1,7,10,0,6,58,0,0,4,8,9,4,NA,0,2,0,1,0,1,1,1,1,0,0,1,3,2,1,1,1,0,0,3,63,0,0,145,9,153,568344254.787746,568355360.326221,568355119.5155251,Custom 1,Custom 2,
246,2,315,1,7,10,0,6,66,3,2,4,8,9,4,NA,0,2,0,1,0,1,1,1,1,0,0,1,3,2,1,1,1,0,0,4,27,2,1,145,9,159,568865939.626157,568870638.725277,568870371.5261037,Custom 1,Custom 2,
247,2,275,1,7,10,0,3,32,3,1,4,8,4,4,NA,0,2,0,1,0,1,1,1,1,0,0,1,3,2,1,1,1,0,0,5,46,3,0,152,9,145,569385040,569389128.80742,569388648.6990398,Custom 1,Custom 2,
248,2,372,1,7,10,0,7,43,3,0,4,8,4,4,NA,0,2,0,1,0,1,1,1,1,0,0,1,3,2,1,1,1,0,0,8,62,3,2,154,9,145,569557476.389415,569562699.867328,569562219.0335802,Custom 1,Custom 2,
249,2,428,1,7,10,0,0,81,3,0,4,8,4,4,NA,0,2,0,1,0,1,1,1,1,0,0,1,3,2,1,1,1,0,0,0,59,2,1,145,9,151,569989803,569994415.8312,569993930.0787382,Custom 1,Custom 2,
250,2,356,1,7,10,0,0,56,3,2,4,8,4,4,NA,0,2,0,1,0,1,1,1,1,0,0,1,3,2,1,1,1,0,0,0,75,3,2,157,9,145,570163013.901881,570168211.770163,570167730.7916462,Custom 1,Custom 2,
251,2,351,1,7,10,0,1,56,3,2,4,8,4,4,NA,0,2,0,1,0,1,1,1,1,0,0,1,3,2,1,1,1,0,0,4,43,3,1,145,9,156,570595364.424727,570601533.058062,570601052.2806469,Custom 1,Custom 2,
252,2,360,1,7,10,0,8,35,2,1,4,8,4,4,NA,0,2,0,1,0,1,1,1,1,0,0,1,3,2,1,1,1,0,0,7,57,3,2,155,9,145,570767127.550001,570772343.535532,570771862.0951761,Custom 1,Custom 2,
253,2,311,1,7,10,0,2,45,2,1,4,8,4,4,NA,0,2,0,1,0,1,1,1,1,0,0,1,3,2,1,1,1,0,0,0,60,3,1,159,9,145,571199044.973893,571204406.055198,571203925.8154837,Custom 1,Custom 2,
254,2,296,1,7,10,0,0,75,3,2,4,8,3,4,NA,0,2,0,1,0,1,1,1,1,0,0,1,3,2,1,1,1,0,0,0,23,3,1,145,9,161,571372493.42334,571376567.405396,571376083.7893462,Custom 1,Custom 2,
255,2,382,1,7,10,0,10,65,3,0,4,8,9,4,NA,0,2,0,1,0,1,1,1,1,0,0,1,3,2,1,1,1,2,0,9,35,3,1,145,9,159,571715600.058173,571720631.410418,571720151.7255142,Custom 1,Custom 2,
256,2,317,1,7,10,0,1,44,3,2,4,8,4,4,NA,0,2,0,1,0,1,1,1,1,0,0,1,3,2,1,1,1,0,0,5,54,2,2,145,9,156,571887440.507915,571893143.05712,571892663.1298771,Custom 1,Custom 2,
257,2,330,1,7,10,0,2,46,3,2,4,8,4,4,NA,0,2,0,1,0,1,1,1,1,0,0,1,3,2,1,1,1,0,0,3,29,1,2,145,9,159,572060725.585538,572066391.91213,572065910.2164562,Custom 1,Custom 2,
258,2,360,1,7,10,0,7,52,0,0,4,8,4,4,NA,0,2,0,1,0,1,1,1,1,0,0,1,3,2,1,1,1,0,0,3,62,3,1,156,9,145,572320114.918539,572326104.967471,572325622.7952102,Custom 1,Custom 2,
259,2,323,1,7,10,0,3,46,1,0,4,8,4,4,NA,0,2,0,1,0,1,1,1,1,0,0,1,3,2,1,1,1,0,0,10,41,2,0,145,9,156,572492844.688696,572498517.489394,572498037.8189261,Custom 1,Custom 2,
260,2,374,1,7,10,0,0,55,3,2,4,8,4,4,NA,0,2,0,1,0,1,1,1,1,0,0,1,3,2,1,1,1,0,0,6,45,1,0,145,9,162,573083108.072487,573088943.314137,573088461.557513,Custom 1,Custom 2,
261,2,357,1,7,10,0,6,48,3,1,4,8,4,4,NA,0,2,0,1,0,1,1,1,1,0,0,1,3,2,1,1,1,0,0,4,65,3,2,163,9,145,573181072.957857,573187322.454552,573186840.1725438,Custom 1,Custom 2,
262,2,355,1,7,10,0,6,50,3,2,4,8,3,4,NA,0,2,0,1,0,1,1,1,1,0,0,1,3,2,1,1,1,0,0,4,62,3,0,145,9,148,573274654.237529,573280403.559786,573279918.3528953,Custom 1,Custom 2,
263,2,204,1,7,10,0,6,44,0,2,4,8,4,4,NA,0,2,0,1,0,1,1,1,1,0,0,1,3,2,1,1,1,0,0,2,56,3,2,166,12,168,597289128.041037,597292843.980951,597292364.8000343,Custom 1,Custom 2,
266,2,355,1,7,10,0,11,41,1,1,4,8,4,4,NA,0,2,0,1,0,1,1,1,1,0,0,1,3,2,1,1,1,0,0,7,58,1,0,150,11,169,597294199.759854,597299169.084718,597298689.096683,Custom 1,Custom 2,
267,2,365,1,7,10,0,6,47,0,1,4,8,4,4,NA,0,2,0,1,0,1,1,1,1,0,0,1,3,2,1,1,1,0,0,7,60,2,1,171,12,168,597367615.602658,597378735.653258,597378256.0493041,Custom 1,Custom 2,
268,2,320,1,7,10,0,4,59,2,0,4,8,4,4,NA,0,2,0,1,0,1,1,1,1,0,0,1,3,2,1,1,1,0,0,9,43,1,1,170,11,169,597379737.098729,597384885.42162,597384406.3140548,Custom 1,Custom 2,
269,2,1,1,7,10,0,0,0,3,2,4,8,1,4,NA,0,2,0,1,0,1,1,1,1,0,0,1,3,2,1,1,1,0,0,0,0,3,2,152,12,168,597437277.989814,NA,NA,Custom 1,Custom 2,
270,2,281,1,7,10,0,8,43,2,0,4,8,4,4,NA,0,2,0,1,0,1,1,1,1,0,0,1,3,2,1,1,1,0,0,8,48,1,1,172,12,168,597438134.788286,597442716.488317,597442236.4980901,Custom 1,Custom 2,
272,2,393,1,7,10,0,9,53,1,0,4,8,3,4,NA,0,2,0,1,0,1,1,1,1,0,0,1,3,2,1,1,1,0,1,14,46,1,1,173,11,169,597443408.608353,597449687.21447,597449204.4850951,Custom 1,Custom 2,
273,2,421,1,7,10,0,8,48,2,0,4,8,4,4,NA,0,2,0,1,0,1,1,1,1,0,0,1,3,2,1,1,1,0,0,8,57,1,1,174,11,169,597896825.165715,597902902.681327,597902421.9114128,2nd  Chance Pts,Custom 2,
274,2,335,1,7,10,1,8,40,1,1,4,8,4,4,1,0,2,0,1,0,1,1,1,1,0,0,1,3,2,1,1,1,0,0,9,36,0,1,169,11,175,598069759.945945,598075094.497641,598074613.302629,2nd  Chance Pts,Custom 2,
275,2,378,1,7,10,0,9,57,2,1,4,8,4,4,NA,0,2,0,1,0,1,1,1,1,0,0,1,3,2,1,1,1,0,0,7,61,3,1,169,11,176,598415487.617511,598423818.865777,598423337.3581938,2nd  Chance Pts,Custom 2,
278,2,360,1,7,10,0,9,63,3,0,4,8,4,4,NA,0,2,0,1,0,1,1,1,1,0,0,1,3,2,1,1,1,0,0,6,34,3,2,169,11,179,598587432.083665,598594565.473678,598594086.0809628,2nd  Chance Pts,Custom 2,
279,2,329,1,7,10,0,10,50,2,0,4,8,4,4,NA,0,2,0,1,0,1,1,1,1,0,0,1,3,2,1,1,1,0,0,10,34,1,2,169,11,180,598649104.647039,598655986.181954,598655505.287562,2nd  Chance Pts,Custom 2,
280,2,389,1,7,10,0,7,69,1,0,4,8,4,4,NA,0,2,0,1,0,1,1,1,1,0,0,1,3,2,1,1,1,0,0,8,65,2,0,169,11,181,599279131.950041,599284421.485123,599283940.8183259,2nd  Chance Pts,Custom 2,
281,2,331,1,7,10,0,11,56,0,0,4,8,4,4,NA,0,2,0,1,0,1,1,1,1,0,0,1,3,2,1,1,1,0,0,12,67,2,2,169,11,182,599792390.145565,599798177.561275,599797697.5842463,2nd  Chance Pts,Custom 2,
283,2,364,1,7,10,0,7,67,1,0,4,8,4,4,0,0,2,0,1,0,1,1,1,1,0,0,1,3,2,1,1,1,0,0,13,47,3,1,169,11,183,600315726.629034,600320767.377997,600320287.2314221,2nd  Chance Pts,Custom 2,
284,2,382,1,7,10,0,15,55,0,0,4,8,4,4,NA,0,2,0,1,0,1,1,1,1,0,0,1,3,2,1,1,1,0,0,6,68,1,1,176,11,169,600489427.819589,600494392.042787,600493912.734736,2nd  Chance Pts,Custom 2,
285,2,357,1,7,10,0,11,39,0,0,4,8,4,4,NA,0,2,0,1,0,1,1,1,1,0,0,1,3,2,1,1,1,0,0,11,46,2,0,185,11,169,601000403.250767,601018662.810636,601018182.8824259,2nd  Chance Pts,Custom 2,
287,2,266,1,7,10,0,4,49,2,1,4,8,4,4,NA,0,2,0,1,0,1,1,1,1,0,0,1,3,2,1,1,1,0,0,8,44,2,0,195,11,169,601353850.4539,601357808.836239,601357329.3110619,2nd  Chance Pts,Custom 2,
289,2,1,1,7,10,0,0,0,3,2,4,8,1,4,NA,0,2,0,1,0,1,1,1,1,0,0,1,3,2,1,1,1,0,0,0,0,3,2,154,9,169,601525818,NA,NA,2nd  Chance Pts,Custom 2,
290,2,382,1,7,10,0,12,44,1,0,4,8,4,4,NA,0,2,0,1,0,1,1,1,1,0,0,1,3,2,1,1,1,0,0,10,54,1,0,179,11,169,601525800,601531697.562471,601531216.8004435,2nd  Chance Pts,Custom 2,
291,2,416,1,7,10,0,6,67,-2,0,4,8,5,4,1,0,2,0,1,0,1,1,1,1,0,0,1,3,2,1,1,1,0,0,1,68,-1,1,181,11,169,602044228,602050196.021789,602049956.518302,2nd  Chance Pts,Custom 2,
292,2,1,1,7,10,0,0,0,3,2,4,8,1,4,NA,0,2,0,1,0,1,1,1,1,0,0,1,3,2,1,1,1,0,0,0,0,3,2,169,11,174,602217014,NA,NA,2nd  Chance Pts,Custom 2,
